{"cameraMode":{"drawMode":0,"name":"Shaded","section":"Shading Mode"},"sceneLighting":true,"audioPlay":false,"sceneViewState":{"m_AlwaysRefresh":false,"showFog":true,"showSkybox":true,"showFlares":true,"showImageEffects":true,"showParticleSystems":true,"showVisualEffectGraphs":true,"m_FxEnabled":true},"in2DMode":false,"pivot":{"x":-1263.5936279296875,"y":9.93034839630127,"z":90.60874938964844},"rotation":{"x":-0.0032298420555889608,"y":-0.9926269054412842,"z":-0.02680218033492565,"w":0.11847763508558274},"size":0.0018068926874548197,"orthographic":false}